<?xml version="1.0" encoding="UTF-8"?>
<project-private xmlns="http://www.netbeans.org/ns/project-private/1">
    <editor-bookmarks xmlns="http://www.netbeans.org/ns/editor-bookmarks/2" lastBookmarkId="0"/>
    <open-files xmlns="http://www.netbeans.org/ns/projectui-open-files/2">
        <group>
            <file>file:/C:/Users/user/Desktop/JavaApplication19/src/javaapplication19/JavaApplication19.java</file>
            <file>file:/C:/Users/user/Desktop/JavaApplication19/src/javaapplication19/Dhaka_North.java</file>
            <file>file:/C:/Users/user/Desktop/JavaApplication19/src/javaapplication19/Dhaka_South.java</file>
            <file>file:/C:/Users/user/Desktop/JavaApplication19/src/javaapplication19/Gulshan.java</file>
            <file>file:/C:/Users/user/Desktop/JavaApplication19/src/javaapplication19/Khilgaon.java</file>
            <file>file:/C:/Users/user/Desktop/JavaApplication19/src/javaapplication19/Mirpur.java</file>
            <file>file:/C:/Users/user/Desktop/JavaApplication19/src/javaapplication19/Pollobi.java</file>
            <file>file:/C:/Users/user/Desktop/JavaApplication19/src/javaapplication19/Tejgaon.java</file>
            <file>file:/C:/Users/user/Desktop/JavaApplication19/src/javaapplication19/Uttara.java</file>
            <file>file:/C:/Users/user/Desktop/JavaApplication19/src/javaapplication19/Cantonement.java</file>
            <file>file:/C:/Users/user/Desktop/JavaApplication19/src/javaapplication19/Shabujbagh.java</file>
            <file>file:/C:/Users/user/Desktop/JavaApplication19/src/javaapplication19/Mohammadpur.java</file>
            <file>file:/C:/Users/user/Desktop/JavaApplication19/src/javaapplication19/Mugda.java</file>
            <file>file:/C:/Users/user/Desktop/JavaApplication19/src/javaapplication19/Kotowaly.java</file>
            <file>file:/C:/Users/user/Desktop/JavaApplication19/src/javaapplication19/Sutrapur.java</file>
            <file>file:/C:/Users/user/Desktop/JavaApplication19/src/javaapplication19/Dhanmondi.java</file>
            <file>file:/C:/Users/user/Desktop/JavaApplication19/src/javaapplication19/Demra.java</file>
            <file>file:/C:/Users/user/Desktop/JavaApplication19/src/javaapplication19/Motijheel.java</file>
            <file>file:/C:/Users/user/Desktop/JavaApplication19/src/javaapplication19/Ramna.java</file>
            <file>file:/C:/Users/user/Desktop/JavaApplication19/src/javaapplication19/Bangshal.java</file>
            <file>file:/C:/Users/user/Desktop/JavaApplication19/src/javaapplication19/Lalbagh.java</file>
        </group>
    </open-files>
</project-private>
